id,firstName,lastName,age
1,John,Doe,25
2,Jane,Smith,30
3,Michael,Johnson,22
4,Emily,Williams,29
5,Daniel,Brown,33
6,Jessica,Jones,27
7,Matthew,Garcia,35
8,Ashley,Miller,26
9,Christopher,Davis,31
10,Amanda,Martinez,28
11,Joshua,Hernandez,24
12,Laura,Lopez,32
13,Andrew,Gonzalez,23
14,Rebecca,Wilson,29
15,James,Anderson,34
16,Sarah,Thomas,27
17,David,Taylor,30
18,Michelle,Moore,25
19,Michael,Jackson,28
20,Emily,Lee,22
21,John,Walker,33
22,Jessica,Hall,29
23,Matthew,Allen,27
24,Ashley,Young,31
25,Christopher,Hernandez,26
26,Amanda,King,32
27,Joshua,Wright,24
28,Laura,Lopez,35
29,Andrew,Hill,28
30,Rebecca,Scott,23
31,James,Green,29
32,Sarah,Adams,33
33,David,Baker,27
34,Michelle,Nelson,30
35,Michael,Carter,25
36,Emily,Mitchell,28
37,John,Rogers,32
38,Jessica,Rivera,22
39,Matthew,Cook,29
40,Ashley,Morgan,27
41,Christopher,Peterson,31
42,Amanda,Reed,26
43,Joshua,Bailey,34
44,Laura,Cooper,24
45,Andrew,Richardson,33
46,Rebecca,Cox,28
47,James,Howard,25
48,Sarah,Ward,30
49,David,Diaz,27
50,Michelle,Gray,32
51,Michael,Ramirez,23
52,Emily,James,29
53,John,Watson,26
54,Jessica,Brooks,31
55,Matthew,Chen,25
56,Ashley,Kelly,27
57,Christopher,Sanders,30
58,Amanda,Price,33
59,Joshua,Bennett,22
60,Laura,Wood,28
61,Andrew,Barnes,29
62,Rebecca,Ross,24
63,James,Henderson,34
64,Sarah,Jenkins,26
65,David,Perry,31
66,Michelle,Long,27
67,Michael,Patterson,30
68,Emily,Hughes,32
69,John,Flores,25
70,Jessica,Washington,29
71,Matthew,Butler,23
72,Ashley,Simmons,28
73,Christopher,Foster,33
74,Amanda,Gonzalez,27
75,Joshua,Bryant,22
76,Laura,Alexander,31
77,Andrew,Russell,30
78,Rebecca,Griffin,24
79,James,Hayes,28
80,Sarah,Myers,29
81,David,Ford,27
82,Michelle,Hamilton,32
83,Michael,Graham,25
84,Emily,Sullivan,33
85,John,Wallace,26
86,Jessica,West,24
87,Matthew,Cole,31
88,Ashley,Ortiz,28
89,Christopher,Phillips,30
90,Amanda,Evans,27
91,Joshua,Turner,34
92,Laura,Campbell,29
93,Andrew,Parker,25
94,Rebecca,Collins,23
95,James,Stewart,27
96,Sarah,Morris,30
97,David,Rogers,28
98,Michelle,Reyes,32
99,Michael,Edwards,31
100,Emily,Diaz,26